date,log_exists,clear_by_fit,measured_MJ,ref_MJ,anchor_scaling,anchor_used,anchor_resid_log,scaling_daily,source,nrmse,A,n,sunrise,sunset,note
2025-01-01,True,False,8.06904,12.83,,,,1.4089245611275323,annual_fit,0.255628468584295,309.60036252127696,0.5,07:12,16:39,ok
2025-01-02,True,False,7.52484,12.89,,,,1.408776776696182,annual_fit,0.16158312914902573,433.55132492391937,1.8700000000000012,07:11,16:14,ok
2025-01-03,True,False,7.07694,12.95,,,,1.4085824151905773,annual_fit,0.43340878279180656,276.0170244038489,0.5,07:09,16:43,ok
2025-01-04,True,False,9.09606,13.02,,,,1.408341553473124,annual_fit,0.22310365749213504,426.0776334209117,0.8000000000000003,07:52,16:40,ok
2025-01-05,True,False,9.14088,13.09,,,,1.4080542867597186,annual_fit,0.0888471506786252,417.5199337797297,0.9400000000000004,07:11,16:39,ok
2025-01-06,True,False,1.69716,13.16,,,,1.407720728559351,annual_fit,0.3868297334436758,97.84413239567914,0.7300000000000002,07:59,14:39,ok
2025-01-07,True,False,8.69481,13.24,,,,1.4073410106021724,annual_fit,0.18002499331987395,450.19910793996667,1.530000000000001,07:15,16:46,ok
2025-01-08,True,False,8.62782,13.32,,,,1.406915282756105,annual_fit,0.14646609962230953,484.2939418384389,1.600000000000001,07:14,16:29,ok
2025-01-09,True,False,8.42904,13.4,,,,1.4064437129320855,annual_fit,0.1309383915379638,470.8069710024309,1.630000000000001,07:20,16:31,ok
2025-01-10,True,False,9.08136,13.49,,,,1.4059264869780517,annual_fit,0.19355398443201438,446.7330564951999,1.0200000000000005,08:05,16:41,ok
2025-01-11,True,False,9.01194,13.58,,,,1.4053638085617863,annual_fit,0.12554166150323917,450.8904200476194,1.510000000000001,07:10,16:51,ok
2025-01-12,True,False,5.57952,13.68,,,,1.40475589904275,annual_fit,0.25131101161077607,276.5379139674793,1.3300000000000007,07:33,16:48,ok
2025-01-13,True,False,9.83274,13.78,,,,1.4041029973330412,annual_fit,0.05066711705506798,457.1178391432561,1.1000000000000005,07:11,16:49,ok
2025-01-14,True,False,7.74828,13.88,,,,1.403405359747645,annual_fit,0.16175127802834652,409.41849822758223,1.510000000000001,07:11,16:23,ok
2025-01-15,True,False,8.66676,13.98,,,,1.4026632598441235,annual_fit,0.16973413586391806,383.3427502583462,0.7000000000000002,07:37,16:43,ok
2025-01-16,True,False,5.91192,14.09,,,,1.401876988251935,annual_fit,0.35855805401845475,212.51490213673904,0.5,07:07,16:44,ok
2025-01-17,True,False,9.39936,14.2,,,,1.401046852491562,annual_fit,0.19438687477700195,394.2256660925257,0.7600000000000002,07:08,16:54,ok
2025-01-18,True,True,10.50552,14.31,1.3621410458501815,True,-0.027538166415377763,1.400173176783647,annual_fit,0.01417566266259705,464.987521898768,1.0000000000000004,07:09,16:58,ok
2025-01-19,True,False,9.18132,14.43,,,,1.3992563018483437,annual_fit,0.1026100306213375,455.8332973459832,1.4000000000000008,07:15,16:52,ok
2025-01-20,True,False,7.62042,14.55,,,,1.3982965846951032,annual_fit,0.24331472505450222,372.78775636222935,1.2400000000000007,07:19,16:48,ok
2025-01-21,True,True,10.57254,14.67,1.3875568217287426,True,-0.006993275826993495,1.3972943984031176,annual_fit,0.011767971266274073,468.27428176085124,1.0000000000000004,07:13,17:00,ok
2025-01-22,True,False,10.21182,14.79,,,,1.396250131892661,annual_fit,0.10253637715450394,452.65260073249556,0.9500000000000004,07:07,16:57,ok
2025-01-23,True,False,9.25932,14.92,,,,1.3951641896875713,annual_fit,0.05697279236165166,430.854429663459,1.0800000000000005,07:15,16:53,ok
2025-01-24,True,False,9.61464,15.05,,,,1.394036991669125,annual_fit,0.08848945061631602,458.48792720870506,1.2600000000000007,07:19,16:59,ok
2025-01-25,True,True,11.27775,15.18,1.346013167520117,True,-0.034218615347086756,1.3928689728215702,annual_fit,0.020559865938128193,492.21023036139684,0.9600000000000004,07:10,16:59,ok
2025-01-26,True,True,11.40183,15.32,1.3436439589083506,True,-0.03511240262711268,1.3916605829695796,annual_fit,0.023079072169405888,496.71045353609264,1.0100000000000005,07:02,17:02,ok
2025-01-27,True,False,4.7139,15.45,,,,1.390412286507908,annual_fit,0.19379714395868253,206.65004780907543,0.8600000000000003,07:18,16:39,ok
2025-01-28,True,False,11.50185,15.59,,,,1.38912456212353,annual_fit,0.10899375033292474,533.2770064869317,1.0600000000000005,07:21,17:04,ok
2025-01-29,True,False,10.72218,15.73,,,,1.3877979025105487,annual_fit,0.08594720112271817,546.2744867431529,1.540000000000001,07:03,16:57,ok
2025-01-30,True,False,6.57948,15.88,,,,1.3864328140781739,annual_fit,0.3146683841436936,217.96804591623047,0.5,07:04,16:59,ok
2025-01-31,True,False,4.13247,16.02,,,,1.3850298166520632,annual_fit,0.7133515828370747,150.38947867043933,0.5,07:04,16:26,ok
2025-02-01,True,False,7.85928,16.17,,,,1.3835894431693363,annual_fit,0.2176507345744677,388.7310422315223,1.1200000000000006,07:26,16:28,ok
2025-02-02,True,False,5.06001,16.32,,,,1.3821122393675704,annual_fit,0.23938219622276405,266.85767037571827,1.3600000000000008,08:13,16:56,ok
2025-02-03,True,False,7.47426,16.47,,,,1.380598763468088,annual_fit,0.24354788174299466,381.8670164080488,1.2700000000000007,07:34,16:35,ok
2025-02-04,True,False,8.71068,16.63,,,,1.3790495858538578,annual_fit,0.46139020728797325,328.6109442727082,0.5,07:03,16:52,ok
2025-02-05,True,False,10.90014,16.79,,,,1.377465288742323,annual_fit,0.2653074635152878,471.2284994578554,0.56,07:12,16:05,ok
2025-02-06,True,False,9.59346,16.95,,,,1.3758464658534872,annual_fit,0.3106313554483884,402.54724244405946,1.0300000000000005,06:57,17:04,ok
2025-02-07,True,False,9.57246,17.11,,,,1.3741937220735727,annual_fit,0.2928823300241132,436.4032262629181,1.2700000000000007,06:58,17:07,ok
2025-02-08,True,False,9.51426,17.27,,,,1.3725076731145873,annual_fit,0.28582791432944743,430.4273200028484,1.1400000000000006,07:29,17:12,ok
2025-02-09,True,False,12.01017,17.43,,,,1.3707889451701183,annual_fit,0.17342505576901504,518.6832144885027,0.5700000000000001,08:28,17:14,ok
2025-02-10,True,False,13.08765,17.6,,,,1.369038174567687,annual_fit,0.21058807512891375,559.4021980806884,0.8300000000000003,07:01,16:48,ok
2025-02-11,True,False,12.70485,17.77,,,,1.367256007417989,annual_fit,0.21952732176409148,569.7902527447825,1.1900000000000006,06:54,17:03,ok
2025-02-12,True,False,5.15769,17.94,,,,1.3654430992613504,annual_fit,0.3499040994072709,211.9568498773757,0.5800000000000001,06:52,16:06,ok
2025-02-13,True,False,12.38019,18.11,,,,1.3636001147117243,annual_fit,0.23356749485094302,512.648089460232,0.9200000000000004,06:53,17:23,ok
2025-02-14,True,False,11.9256,18.28,,,,1.361727727098555,annual_fit,0.29389259493757497,422.3664661116463,0.52,06:49,17:21,ok
2025-02-15,True,False,12.49905,18.46,,,,1.3598266181068361,annual_fit,0.13580195869254508,547.5334372767958,0.7500000000000002,06:50,15:59,ok
2025-02-16,True,False,11.03166,18.63,,,,1.3578974774156816,annual_fit,0.13355199543516227,470.7605324824126,1.0100000000000005,07:14,17:21,ok
2025-02-17,True,False,11.17278,18.81,,,,1.3559410023357312,annual_fit,0.2507758976699045,579.5289037153649,1.9800000000000013,06:47,17:17,ok
2025-02-18,True,False,10.12221,18.98,,,,1.3539578974457105,annual_fit,0.35089128544403586,363.14872943721303,0.6300000000000001,06:50,17:16,ok
2025-02-19,True,False,8.96112,19.16,,,,1.3519488742284527,annual_fit,0.4232575692528087,299.6825248419297,0.5,06:54,17:21,ok
2025-02-20,True,False,11.2887,19.34,,,,1.3499146507066997,annual_fit,0.33091931204628966,389.8836715609782,0.5,06:40,17:22,ok
2025-02-21,True,False,10.54374,19.52,,,,1.347855951078984,annual_fit,0.1859262584102507,398.14298888769963,0.7700000000000002,06:48,17:26,ok
2025-02-22,True,False,10.4583,19.69,,,,1.3457735053558968,annual_fit,0.2598908289854944,402.8701023381477,0.8500000000000003,06:55,17:25,ok
2025-02-23,True,False,11.50362,19.87,,,,1.3436680489970347,annual_fit,0.34986202426570373,407.10617164968943,0.6700000000000002,06:41,17:27,ok
2025-02-24,True,False,14.20746,20.05,,,,1.341540322548925,annual_fit,0.15046045773641342,592.715165989322,0.9800000000000004,06:42,17:26,ok
2025-02-25,True,True,15.48846,20.23,1.3061337279497123,True,-0.025143665592726072,1.3393910712842072,annual_fit,0.017420351843686042,627.4826799045233,1.0700000000000005,06:35,17:32,ok
2025-02-26,True,False,12.56052,20.41,,,,1.3372210448423598,annual_fit,0.394979543147369,450.2422370085829,0.54,06:45,17:31,ok
2025-02-27,True,True,15.25884,20.59,1.3493817354399156,True,0.010692003586562804,1.335030996872243,annual_fit,0.04556055041954103,639.3264755754509,1.0900000000000005,06:37,17:29,ok
2025-02-28,True,False,8.31918,20.77,,,,1.3328216846767276,annual_fit,0.22474067568148115,316.4969521004149,0.6300000000000001,06:37,16:30,ok
2025-03-01,True,True,15.54204,20.85,1.3415227344672902,True,0.008179977275933614,1.3305938688596728,annual_fit,0.037275147853280455,633.9881913633957,1.0500000000000005,06:32,17:22,ok
2025-03-02,True,False,6.4626,20.94,,,,1.3283483129755074,annual_fit,0.28386657340513055,261.61127375309394,0.8400000000000003,06:55,16:59,ok
2025-03-03,True,False,4.31361,21.12,,,,1.326085783181664,annual_fit,0.23103203789418966,236.23106220759087,1.1400000000000006,09:18,17:24,ok
2025-03-04,True,False,2.24136,21.29,,,,1.323807047894106,annual_fit,0.15850220092744946,106.5626337435692,1.3200000000000007,07:00,16:22,ok
2025-03-05,True,False,2.42616,21.47,,,,1.3215128774461842,annual_fit,0.252434033168808,109.31322515201325,0.5,09:25,17:16,ok
2025-03-06,True,False,9.76344,21.64,,,,1.319204043751044,annual_fit,0.12963057258170732,407.8375494033845,1.3100000000000007,06:38,17:42,ok
2025-03-07,True,True,17.27094,21.81,1.2628148786342839,True,-0.041923044891576916,1.3168813199678073,annual_fit,0.016438249073358932,682.5773716648499,1.1000000000000005,06:22,17:41,ok
2025-03-08,True,False,11.31768,21.98,,,,1.314545480171735,annual_fit,0.18612019847652506,474.50877747055216,1.0100000000000005,06:42,16:57,ok
2025-03-09,True,True,17.58828,22.15,1.2593613474427288,True,-0.04109833421916409,1.3121972990285726,annual_fit,0.010252502439685748,688.2421120102114,1.0700000000000005,06:24,17:44,ok
2025-03-10,True,False,15.25563,22.32,,,,1.3098375514732763,annual_fit,0.20624278883333458,630.5082065278883,0.56,08:43,17:36,ok
2025-03-11,True,False,3.67668,22.48,,,,1.3074670123932999,annual_fit,0.20946375103757772,134.99299856135255,0.5,07:06,17:04,ok
2025-03-12,True,False,7.35744,22.64,,,,1.3050864563166233,annual_fit,0.35483737161676676,288.6713198028283,1.2900000000000007,06:15,17:35,ok
2025-03-13,True,False,11.97834,22.81,,,,1.3026966571046885,annual_fit,0.19703470578676144,451.6088156137416,0.9100000000000004,06:20,17:33,ok
2025-03-14,True,False,16.13424,22.96,,,,1.3002983876504035,annual_fit,0.12579825903085262,627.4321616077281,1.1000000000000005,06:21,17:47,ok
2025-03-15,True,False,2.81169,23.12,,,,1.2978924195813661,annual_fit,0.3580554200707985,88.89641862354893,0.5,06:35,17:16,ok
2025-03-16,True,False,4.72587,23.28,,,,1.2954795229684464,annual_fit,0.31625008610344324,217.83205778284858,1.4800000000000009,06:58,17:11,ok
2025-03-17,True,False,12.34332,23.43,,,,1.2930604660398668,annual_fit,0.35214931583324116,515.9080143836617,1.2200000000000006,06:40,17:44,ok
2025-03-18,True,False,15.96531,23.58,,,,1.2906360149008969,annual_fit,0.20309938532151595,671.4575860480317,0.5700000000000001,08:54,17:43,ok
2025-03-19,True,False,17.31972,23.73,,,,1.2882069332592865,annual_fit,0.1856494394684494,658.7811640517191,1.0200000000000005,06:17,17:46,ok
2025-03-20,True,False,15.43842,23.88,,,,1.2857739821565375,annual_fit,0.30651920195268945,577.4002341002036,0.9700000000000004,06:06,17:52,ok
2025-03-21,True,True,17.9238,24.02,1.3401176089891653,True,0.04329294459241423,1.2833379197051153,annual_fit,0.01972555074763437,699.7557210229648,1.1500000000000006,06:10,17:50,ok
2025-03-22,True,True,18.39624,24.17,1.313855440024701,True,0.02540333265475478,1.2808995008316926,annual_fit,0.011116469081492377,721.0785386935713,1.1800000000000006,06:09,17:50,ok
2025-03-23,True,True,18.03672,24.31,1.3478060312518019,True,0.052822288875983586,1.278459477026498,annual_fit,0.01916368255880793,710.9339505611368,1.2000000000000006,06:10,17:50,ok
2025-03-24,True,False,13.30626,24.45,,,,1.276018596098852,annual_fit,0.15503308297323903,554.7490427291002,1.1300000000000006,06:16,17:04,ok
2025-03-25,True,False,16.27662,24.58,,,,1.273577601938943,annual_fit,0.11361184340441238,629.7548771453502,1.1200000000000006,06:07,17:51,ok
2025-03-26,True,True,18.21576,24.72,1.3570666280188144,True,0.06541351929245173,1.2711372342859109,annual_fit,0.03742226062596329,709.5142996545441,1.1900000000000006,06:06,17:54,ok
2025-03-27,True,False,8.24406,24.85,,,,1.2686982285022728,annual_fit,0.5028068538713081,295.6872082880809,0.7400000000000002,06:04,17:13,ok
2025-03-28,True,False,10.04121,24.98,,,,1.2662613153547393,annual_fit,0.24300802143671366,437.7745577264813,0.7100000000000002,08:53,17:32,ok
2025-03-29,True,False,14.93952,25.11,,,,1.2638272208014467,annual_fit,0.148035745317281,772.760891313142,2.2700000000000005,06:45,17:39,ok
2025-03-30,True,False,17.80068,25.24,,,,1.2613966657856293,annual_fit,0.2217493129559229,645.811864384549,1.0200000000000005,06:01,17:59,ok
2025-03-31,True,False,12.37848,25.37,,,,1.258970366035747,annual_fit,0.2760935476613616,409.07041507368234,0.6600000000000001,05:59,17:51,ok
2025-04-01,True,False,6.01836,25.5,,,,1.2565490318720742,annual_fit,0.3310043919843517,206.67117415052175,0.7300000000000002,06:09,17:45,ok
2025-04-02,True,False,12.14466,25.62,,,,1.254133368019752,annual_fit,0.30631615188590594,481.59303543531485,1.3400000000000007,06:03,17:55,ok
2025-04-03,True,False,19.71456,25.74,,,,1.2517240734282924,annual_fit,0.051099835554127615,771.2159243271876,1.2000000000000006,06:06,17:59,ok
2025-04-04,True,True,19.5639,25.87,1.3223334815655365,True,0.05679708799190719,1.2493218410975226,annual_fit,0.023464304820627325,699.4339050448099,1.0000000000000004,05:47,18:00,ok
2025-04-05,True,True,16.72422,25.99,1.554033611134032,False,0.2201714689772314,1.2469273579099467,annual_fit,0.04261680288621287,663.5458117224662,1.3300000000000007,05:47,17:46,ok
2025-04-06,True,False,8.68662,26.11,,,,1.2445413044694942,annual_fit,0.44601213478656115,280.3091858939562,0.53,06:25,17:47,ok
2025-04-07,True,False,19.86264,26.23,,,,1.242164354946623,annual_fit,0.09117271481666964,734.7540878627813,1.1100000000000005,05:45,18:05,ok
2025-04-08,True,False,18.0597,26.35,,,,1.2397971769297336,annual_fit,0.08831009122406673,701.4968931273227,1.2100000000000006,05:47,17:43,ok
2025-04-09,True,True,21.31014,26.47,1.242131680035889,True,0.0037839224994496157,1.237440431282843,annual_fit,0.023437985349573313,779.5462338999821,1.1600000000000006,05:40,18:07,ok
2025-04-10,True,False,8.46732,26.58,,,,1.235094772009472,annual_fit,0.3889627299118763,292.78746587967237,0.9800000000000004,05:43,17:54,ok
2025-04-11,True,False,17.68344,26.7,,,,1.232760846122676,annual_fit,0.19672405909563992,670.8218021822968,1.2400000000000007,05:53,18:07,ok
2025-04-12,True,True,21.28674,26.82,1.2599392861471506,True,0.023692279378995595,1.2304392935211632,annual_fit,0.04532763444587937,821.3053468379442,1.3200000000000007,05:38,17:57,ok
2025-04-13,True,False,1.60023,26.94,,,,1.228130746871422,annual_fit,0.30368124863504986,53.951584082639584,0.5,07:37,17:33,ok
2025-04-14,True,True,22.17204,27.05,1.2200050153256083,True,-0.00476795309386327,1.2258358314957838,annual_fit,0.02337431196143728,825.7761730386211,1.2000000000000006,05:37,18:03,ok
2025-04-15,True,False,13.6707,27.17,,,,1.2235551652663406,annual_fit,0.5073939011274059,490.7975311547772,1.0200000000000005,06:28,18:07,ok
2025-04-16,True,False,21.91158,27.28,,,,1.2212893585046307,annual_fit,0.13943940523475803,814.1798627898648,1.1500000000000006,05:33,18:09,ok
2025-04-17,True,True,21.87738,27.4,1.2524351636256261,True,0.02702693225227701,1.219039013887001,annual_fit,0.016691578354921834,830.1434523978193,1.3200000000000007,05:34,18:09,ok
2025-04-18,True,False,15.54216,27.51,,,,1.2168047263555526,annual_fit,0.19853464177647998,538.3143139331557,1.0000000000000004,05:41,18:08,ok
2025-04-19,True,True,20.331,27.63,1.3590084108012395,False,0.11235115443687285,1.2145870830345669,annual_fit,0.038877416501334056,758.8523415660754,1.2000000000000006,05:35,17:59,ok
2025-04-20,True,False,12.26424,27.74,,,,1.2123866631523152,annual_fit,0.13497470342062923,469.9689908309112,1.2100000000000006,06:10,18:02,ok
2025-04-21,True,True,24.06036,27.86,1.1579211616118794,True,-0.04416267648921457,1.2102040379681402,annual_fit,0.012500102392389592,861.0817840527468,1.2200000000000006,05:23,18:18,ok
2025-04-22,True,False,13.68096,27.97,,,,1.2080397707046986,annual_fit,0.18023210687644378,560.5227591732659,1.1500000000000006,05:42,16:39,ok
2025-04-23,True,False,8.77662,28.08,,,,1.2058944164852565,annual_fit,0.35035334308346766,304.4812552445679,0.9200000000000004,06:11,18:11,ok
2025-04-24,True,True,24.56142,28.2,1.1481420862474565,True,-0.04731201240999683,1.203768522275916,annual_fit,0.0180464781774989,863.991890300284,1.1600000000000006,05:26,18:22,ok
2025-04-25,True,False,13.09746,28.31,,,,1.201662626832657,annual_fit,0.16460111768478145,554.4914724852105,1.9700000000000013,05:36,17:56,ok
2025-04-26,True,True,24.78864,28.42,1.1464929096553906,True,-0.04526157298094016,1.1995772606530686,annual_fit,0.01215564526500972,873.5875482488154,1.2000000000000006,05:19,18:21,ok
2025-04-27,True,False,23.82288,28.53,,,,1.197512945932651,annual_fit,0.05493490529236075,838.7389641924523,1.1100000000000005,05:17,18:07,ok
2025-04-28,True,False,7.67937,28.64,,,,1.1954701965255579,annual_fit,0.25792929185761726,372.0464547320271,2.2000000000000006,05:26,16:45,ok
2025-04-29,True,True,24.91836,28.74,1.1533664334249927,True,-0.03416286889084996,1.1934495179096494,annual_fit,0.02111024141124397,889.7231148936371,1.1700000000000006,05:20,18:20,ok
2025-04-30,True,True,24.64902,28.85,1.1704319279224895,True,-0.01779938396111938,1.1914514071557305,annual_fit,0.012279305221343148,867.7932070822397,1.2200000000000006,05:15,18:24,ok
2025-05-01,True,False,21.18234,28.96,,,,1.1894763529008392,annual_fit,0.12790993631222108,704.5625647234868,0.9200000000000004,05:17,18:21,ok
2025-05-02,True,False,3.25503,29.06,,,,1.1875248353254515,annual_fit,0.25150318853610226,357.4281703719507,1.740000000000001,13:49,18:23,ok
2025-05-03,True,True,24.44778,29.16,1.1927463352500718,True,0.006011772615483801,1.1855973261344708,annual_fit,0.018957003573974125,859.174973515506,1.1900000000000006,05:11,18:18,ok
2025-05-04,True,False,21.75282,29.26,,,,1.1836942885418633,annual_fit,0.16461075289492466,911.5473687743764,2.1500000000000004,05:32,18:28,ok
2025-05-05,True,True,24.99138,29.36,1.1748050727890977,True,-0.005950150160802553,1.1818161772588087,annual_fit,0.04560095975671223,880.5026961546046,1.1400000000000006,05:20,18:09,ok
2025-05-06,True,False,6.38328,29.45,,,,1.1799634384852211,annual_fit,0.3213820420812072,232.19461090169617,0.5,07:44,17:50,ok
2025-05-07,True,True,25.02477,29.55,1.1808300336027064,True,0.0022836482155117743,1.1781365099045118,annual_fit,0.04174420103155008,883.0951701383372,1.3000000000000007,05:07,18:29,ok
2025-05-08,True,False,24.195,29.64,,,,1.1763358206814498,annual_fit,0.08244821490774733,901.9758059187646,1.530000000000001,05:08,18:26,ok
2025-05-09,True,False,5.50755,29.72,,,,1.1745617914629858,annual_fit,0.17661167657057736,240.02710660925112,1.3100000000000007,05:47,16:24,ok
2025-05-10,True,False,4.09491,29.81,,,,1.1728148343819007,annual_fit,0.3182295207349874,137.5917178580614,0.5,08:07,18:40,ok
2025-05-11,True,False,20.04384,29.89,,,,1.1710953530631425,annual_fit,0.12518787356912758,850.9239091464866,1.8600000000000012,05:10,17:49,ok
2025-05-12,True,False,17.24154,29.97,,,,1.1694037426327126,annual_fit,0.13093932067299968,708.8596988404315,1.620000000000001,06:00,18:21,ok
2025-05-13,True,True,26.21439,30.04,1.1459354957334502,True,-0.018849260370040533,1.1677403897289682,annual_fit,0.011920235713812878,903.9555880589369,1.2000000000000006,05:11,18:29,ok
2025-05-14,True,False,22.84896,30.12,,,,1.1661056725162011,annual_fit,0.1212948378394823,862.8358149919727,1.630000000000001,05:14,18:35,ok
2025-05-15,True,False,20.75328,30.18,,,,1.164499960700361,annual_fit,0.14517556739436221,756.3895123263231,1.3700000000000008,05:03,18:18,ok
2025-05-16,True,False,11.14548,30.25,,,,1.1629236155467886,annual_fit,0.24242241962915595,395.65570557607595,1.2800000000000007,05:10,18:07,ok
2025-05-17,True,False,5.61258,30.31,,,,1.1613769898998247,annual_fit,0.3467030397732566,272.12728734470124,0.8700000000000003,09:52,18:13,ok
2025-05-18,True,False,14.02296,30.37,,,,1.1598604282041636,annual_fit,0.24804337946696042,524.7559695583675,1.4400000000000008,05:10,18:05,ok
2025-05-19,True,False,15.93312,30.42,,,,1.1583742665278225,annual_fit,0.1603254233576351,627.3599324367568,1.690000000000001,05:40,18:38,ok
2025-05-20,True,True,24.65982,30.47,1.2356132364307606,True,0.06580710214661092,1.1569188325865947,annual_fit,0.0102489433423608,855.1682231332898,1.2800000000000007,05:03,18:36,ok
2025-05-21,True,False,17.586,30.51,,,,1.155494445769862,annual_fit,0.19178056292638124,695.6273998338283,1.750000000000001,05:11,18:26,ok
2025-05-22,True,False,19.67292,30.55,,,,1.1541014171676398,annual_fit,0.19158139313874134,728.8602216584006,1.4900000000000009,05:23,18:38,ok
2025-05-23,True,False,20.36286,30.59,,,,1.15274004959873,annual_fit,0.12525381354579274,755.1160850601918,1.590000000000001,05:04,18:30,ok
2025-05-24,True,False,5.47968,30.62,,,,1.151410637639862,annual_fit,0.15165504300710647,193.9060780389001,1.0400000000000005,05:30,17:37,ok
2025-05-25,True,False,14.09934,30.65,,,,1.1501134676556977,annual_fit,0.40794117456014534,452.108425500086,0.8400000000000003,05:38,18:37,ok
2025-05-26,True,False,12.96282,30.67,,,,1.1488488178295893,annual_fit,0.1072671071960503,523.6263752461664,1.8900000000000012,05:13,18:12,ok
2025-05-27,True,False,9.8937,30.69,,,,1.147616958194966,annual_fit,0.23800088673552075,351.79454301532473,1.1700000000000006,05:00,17:46,ok
2025-05-28,True,True,25.47342,30.71,1.205570355295834,True,0.05031034869835985,1.1464181506672442,annual_fit,0.03860481393559413,924.25813676387,1.4500000000000008,05:01,18:31,ok
2025-05-29,True,False,11.70054,30.72,,,,1.1452526490761434,annual_fit,0.19217449527656658,409.4837422282226,1.1000000000000005,05:17,18:09,ok
2025-05-30,True,False,17.59008,30.73,,,,1.1441206991983024,annual_fit,0.16328770248416552,808.1747011686733,1.7800000000000011,06:22,17:45,ok
2025-05-31,True,False,13.80378,30.73,,,,1.1430225387900903,annual_fit,0.37080430905727585,373.260758226927,0.5,04:58,18:34,ok
2025-06-01,True,False,23.84064,30.73,,,,1.141958397620507,annual_fit,0.12613148745125632,805.8018268280829,1.2800000000000007,04:55,18:46,ok
2025-06-02,True,False,19.51392,30.72,,,,1.1409284975040712,annual_fit,0.16354001750219474,772.1414754336824,1.8400000000000012,05:04,18:12,ok
2025-06-03,True,False,1.87911,30.71,,,,1.1399330523336006,annual_fit,0.23303214659093427,102.00930675063525,0.5,11:47,18:22,ok
2025-06-04,True,False,25.38972,30.7,,,,1.1389722681127874,annual_fit,0.1784543579210126,783.3807344875713,0.9800000000000004,04:49,18:52,ok
2025-06-05,True,True,27.67662,30.69,1.1088781794886804,True,-0.025964202898660388,1.1380463429884735,annual_fit,0.018680500721070335,918.3414394983538,1.2200000000000006,04:54,18:50,ok
2025-06-06,True,False,20.89716,30.67,,,,1.1371554672825417,annual_fit,0.19848786992305742,701.1762654433671,1.1800000000000006,05:00,18:29,ok
2025-06-07,True,False,16.32492,30.64,,,,1.1362998235233297,annual_fit,0.322902101298115,576.6800160131774,1.4600000000000009,05:10,18:49,ok
2025-06-08,True,False,10.35978,30.62,,,,1.135479586476485,annual_fit,0.23320854226130655,531.2818956726805,4.000000000000003,05:29,18:26,ok
2025-06-09,True,False,12.30594,30.59,,,,1.1346949231751835,annual_fit,0.3380541321978837,424.8363799050678,1.1700000000000006,04:53,18:09,ok
2025-06-10,True,False,3.18744,30.56,,,,1.1339459929496265,annual_fit,0.22281757589607512,99.0621073504791,0.5,06:04,17:42,ok
2025-06-11,True,False,6.49485,30.53,,,,1.1332329474557474,annual_fit,0.41046270542007596,195.25388779046997,0.5,06:24,17:29,ok
2025-06-12,True,False,14.30376,30.49,,,,1.1325559307030542,annual_fit,0.17580293040656128,400.6468187223909,0.6800000000000002,04:52,18:45,ok
2025-06-13,True,False,22.54638,30.45,,,,1.1319150790815375,annual_fit,0.16536716714862368,756.9756064598661,1.2200000000000006,05:00,18:44,ok
2025-06-14,True,False,2.83206,30.41,,,,1.1313105213875831,annual_fit,0.25326939035022794,100.48991827047112,0.5,05:14,14:57,ok
2025-06-15,True,False,11.31774,30.37,,,,1.13074237884882,annual_fit,0.3209096652467429,294.78735882131224,0.5,05:33,18:56,ok
2025-06-16,True,False,24.02928,30.32,,,,1.1302107651478537,annual_fit,0.14239885171242472,870.2644085916144,1.3400000000000007,05:15,18:44,ok
2025-06-17,True,False,22.81296,30.27,,,,1.1297157864448202,annual_fit,0.274641129165475,723.9432273188838,1.0100000000000005,05:13,18:48,ok
2025-06-18,True,False,26.0313,30.22,,,,1.1292575413987158,annual_fit,0.07146183151554952,933.6994468176669,1.550000000000001,04:51,18:48,ok
2025-06-19,True,True,26.17572,30.18,1.1529768808651681,True,0.021160069119081623,1.1288361211874485,annual_fit,0.029579528586189233,893.5303523348919,1.2900000000000007,04:58,18:53,ok
2025-06-20,True,False,25.1955,30.12,,,,1.1284516095265686,annual_fit,0.06223285035527358,875.2599228837329,1.1200000000000006,05:47,18:48,ok
2025-06-21,True,False,24.89262,30.07,,,,1.1281040826866329,annual_fit,0.11952872377284633,850.4783945727505,1.3300000000000007,04:53,18:55,ok
2025-06-22,True,False,17.50242,30.02,,,,1.1277936095091678,annual_fit,0.2906038844400652,550.8012874442924,0.9300000000000004,05:03,18:49,ok
2025-06-23,True,False,4.62504,29.96,,,,1.1275202514211915,annual_fit,0.4562360285957502,272.6169900650823,0.5,05:33,11:43,ok
2025-06-24,True,False,6.34644,29.91,,,,1.127284062448266,annual_fit,0.2736425049283407,237.56253603033346,1.4400000000000008,05:49,18:35,ok
2025-06-25,True,False,20.29986,29.85,,,,1.1270850892260487,annual_fit,0.17949504984973144,744.9280239812609,1.4400000000000008,05:42,18:54,ok
2025-06-26,True,False,4.56063,29.8,,,,1.1269233710103188,annual_fit,0.3098256945652136,306.59805334843907,0.7000000000000002,05:21,11:07,ok
2025-06-27,True,False,23.62842,29.74,,,,1.126798939685457,annual_fit,0.1565734721625924,831.1315200002299,1.3900000000000008,05:03,18:55,ok
2025-06-28,True,True,26.97156,29.68,1.100418366605417,True,-0.023613055970298183,1.1267118197713577,annual_fit,0.029572484092924588,899.1963471045199,1.2400000000000007,04:57,19:00,ok
2025-06-29,True,False,24.04866,29.62,,,,1.1266620284287643,annual_fit,0.11494864074918892,776.5939170645686,1.0500000000000005,05:15,18:52,ok
2025-06-30,True,True,25.77012,29.57,1.1474529416238652,True,0.018296401629171843,1.1266495754630073,annual_fit,0.017696294571289302,868.8858353436452,1.2400000000000007,05:00,18:49,ok
2025-07-01,True,False,23.27712,29.51,,,,1.1266744633261472,annual_fit,0.09746221945031255,796.6474324973011,1.2100000000000006,05:20,18:53,ok
2025-07-02,True,False,12.7095,29.45,,,,1.1267366871175084,annual_fit,0.2453461155119683,435.7837632359908,1.1500000000000006,05:07,18:12,ok
2025-07-03,True,False,22.95666,29.39,,,,1.12683623458261,annual_fit,0.06566007348325495,861.9305825360153,1.8200000000000012,04:59,19:04,ok
2025-07-04,True,False,22.79154,29.33,,,,1.1269730861104905,annual_fit,0.0919786097863578,869.7792770269393,1.8100000000000012,05:18,19:01,ok
2025-07-05,True,False,22.9056,29.27,,,,1.1271472147294375,annual_fit,0.08115434439533598,870.1718164572982,1.620000000000001,05:08,18:40,ok
2025-07-06,True,False,21.87348,29.22,,,,1.1273585861011246,annual_fit,0.1993534630891143,758.9644465331414,0.8000000000000003,07:16,18:53,ok
2025-07-07,True,True,25.12578,29.16,1.1605609855694032,True,0.02880566777845979,1.1276071585131766,annual_fit,0.03984020597624729,868.9952655325422,1.3200000000000007,04:59,18:43,ok
2025-07-08,True,False,21.82905,29.1,,,,1.127892882870172,annual_fit,0.10560390902884077,882.5850549085953,1.7800000000000011,05:44,18:38,ok
2025-07-09,True,False,22.9308,29.04,,,,1.1282157026831054,annual_fit,0.10956435810469402,795.9085968989938,1.2700000000000007,05:08,18:44,ok
2025-07-10,True,False,24.44934,28.98,,,,1.1285755540573348,annual_fit,0.10763139719372508,866.113874356534,1.4700000000000009,05:10,18:56,ok
2025-07-11,True,False,23.07522,28.92,,,,1.128972365679035,annual_fit,0.16880624344161554,753.0866490195141,1.1200000000000006,04:59,18:56,ok
2025-07-12,True,False,23.32149,28.86,,,,1.129406058800193,annual_fit,0.15930591271445677,850.4491805660688,1.4900000000000009,05:15,18:48,ok
2025-07-13,True,False,25.17054,28.8,,,,1.1298765472221737,annual_fit,0.068384264406853,902.7853008224058,1.3800000000000008,05:29,18:53,ok
2025-07-14,True,False,20.43414,28.74,,,,1.1303837372778964,annual_fit,0.17363171888851078,856.1212616294089,1.8600000000000012,05:02,17:50,ok
2025-07-15,True,False,22.64985,28.68,,,,1.130927527812659,annual_fit,0.17855620951814358,772.9599518420342,0.8600000000000003,06:30,18:35,ok
2025-07-16,True,False,12.65373,28.62,,,,1.1315078101636555,annual_fit,0.25141287282355534,610.4423629259554,1.3500000000000008,09:19,18:56,ok
2025-07-17,True,False,3.21558,28.56,,,,1.132124468138235,annual_fit,,,,,,sunrise_fail(Daylength too short (sunrise=56700 sunset=67500 thr=20.00))
2025-07-18,True,False,17.36589,28.49,,,,1.1327773779909451,annual_fit,0.3289891404800324,576.8076724691155,1.2200000000000006,05:09,18:43,ok
2025-07-19,True,False,23.30439,28.43,,,,1.1334664083994255,annual_fit,0.16206504086091794,846.1178121218652,1.5000000000000009,05:21,18:46,ok
2025-07-20,True,False,23.5866,28.37,,,,1.1341914204391952,annual_fit,0.15469384942651007,827.2738382182869,1.4900000000000009,05:03,18:50,ok
2025-07-21,True,False,24.13461,28.31,,,,1.1349522675574029,annual_fit,0.10976201516153915,869.8932369444012,1.3300000000000007,05:31,18:48,ok
2025-07-22,True,False,24.72954,28.24,,,,1.1357487955456005,annual_fit,0.11343247276590278,868.2036187339556,1.2700000000000007,05:22,18:50,ok
2025-07-23,True,False,24.54816,28.18,,,,1.1365808425116048,annual_fit,0.07180738396747408,874.2608334565772,1.4000000000000008,05:09,18:49,ok
2025-07-24,True,True,25.18074,28.11,1.1163293850776426,True,-0.018741398169804885,1.1374482388505192,annual_fit,0.032652511196002106,870.1173853302852,1.2100000000000006,05:12,18:33,ok
2025-07-25,True,False,25.10928,28.04,,,,1.1383508072149877,annual_fit,0.08419602505774242,869.7913127966726,1.3000000000000007,05:11,18:49,ok
2025-07-26,True,False,24.99804,27.98,,,,1.139288362484757,annual_fit,0.12818218129125364,867.50944911254,1.2600000000000007,05:17,18:40,ok
2025-07-27,True,False,21.40314,27.91,,,,1.140260711735625,annual_fit,0.22470785703806265,694.9342357596256,1.0300000000000005,05:11,18:42,ok
2025-07-28,True,False,24.68196,27.84,,,,1.141267654207858,annual_fit,0.06850476772618894,845.8784031938611,1.2000000000000006,05:19,18:46,ok
2025-07-29,True,False,25.04226,27.77,,,,1.1423089812741636,annual_fit,0.05478402856615563,869.0758886565412,1.1200000000000006,05:19,18:15,ok
2025-07-30,True,True,24.42162,27.7,1.134240889834499,True,-0.008029095416156318,1.1433844764073033,annual_fit,0.01595378274671491,846.4127739073161,1.2200000000000006,05:18,18:39,ok
2025-07-31,True,False,22.74777,27.62,,,,1.14449391514744,annual_fit,0.07757895740781579,852.3690207113757,1.2500000000000007,05:57,18:29,ok
2025-08-01,True,False,22.98195,27.55,,,,1.1456370650693106,annual_fit,0.1986493134096954,808.4875824854361,0.8300000000000003,05:18,16:42,ok
2025-08-02,True,True,24.48036,27.48,1.1225325117767875,True,-0.021400084878913317,1.1468136857493225,annual_fit,0.035866560356739324,857.7357744467042,1.1600000000000006,05:35,18:41,ok
2025-08-03,True,True,24.21504,27.4,1.1315281742256054,True,-0.014472707427561238,1.1480235287326714,annual_fit,0.031194964103121312,846.8304849092328,1.1300000000000006,05:27,18:20,ok
2025-08-04,True,False,9.67068,27.32,,,,1.1492663375005847,annual_fit,0.5104587588985392,519.2082730570634,0.5,05:32,11:32,ok
2025-08-05,True,False,18.83076,27.24,,,,1.1505418474377924,annual_fit,0.3016718178844022,597.04792554674,0.8200000000000003,05:23,18:26,ok
2025-08-06,True,False,21.2751,27.16,,,,1.1518497858003334,annual_fit,0.2414708785705043,747.6760856016815,1.1100000000000005,05:25,18:20,ok
2025-08-07,True,False,12.66576,27.08,,,,1.1531898716838092,annual_fit,0.3248732770852798,659.2585427660786,2.9900000000000015,06:13,18:24,ok
2025-08-08,True,False,22.98942,27.0,,,,1.1545618159921922,annual_fit,0.1154550922763362,801.8801877863489,1.2000000000000006,05:19,18:34,ok
2025-08-09,True,False,16.23468,26.92,,,,1.1559653214073065,annual_fit,0.3677068977469104,538.3807451831655,0.9000000000000004,05:24,18:05,ok
2025-08-10,True,False,6.09978,26.83,,,,1.157400082359097,annual_fit,0.18760228326336353,221.11607272502476,0.9300000000000004,06:14,17:54,ok
2025-08-11,True,False,6.71682,26.75,,,,1.1588657849968047,annual_fit,0.27734344920661347,319.17207454806965,2.3200000000000003,06:43,18:10,ok
2025-08-12,True,False,11.62071,26.66,,,,1.1603621071611674,annual_fit,0.1365506598817274,567.2653644381446,2.670000000000001,05:59,18:06,ok
2025-08-13,True,False,16.04868,26.57,,,,1.1618887183577733,annual_fit,0.21755436478014809,549.342687444278,1.0500000000000005,05:35,18:25,ok
2025-08-14,True,False,16.3284,26.48,,,,1.1634452797316865,annual_fit,0.39135221168518186,634.4708358239888,0.5,05:40,14:31,ok
2025-08-15,True,True,22.15032,26.39,1.1914049097259092,True,0.022385129927168512,1.1650314440434726,annual_fit,0.03863660562032194,835.4035501203281,1.3300000000000007,05:46,18:30,ok
2025-08-16,True,True,23.18988,26.29,1.133684176028509,True,-0.02866103667689046,1.166646855646755,annual_fit,0.02405367156190089,843.5669851418735,1.2400000000000007,05:33,18:24,ok
2025-08-17,True,False,21.55575,26.2,,,,1.1682911504674263,annual_fit,0.14931279129422897,764.2815912675683,0.9500000000000004,05:40,17:48,ok
2025-08-18,True,True,22.47879,26.11,1.1615393889083887,True,-0.007226756727423372,1.1699639559846495,annual_fit,0.042011874766142765,782.9303377785926,1.0800000000000005,05:30,18:20,ok
2025-08-19,True,False,12.84084,26.01,,,,1.1716648912137801,annual_fit,0.41693824615919123,601.3224085612183,0.5,05:33,12:39,ok
2025-08-20,True,False,18.41448,25.91,,,,1.1733935666913418,annual_fit,0.25827735097256516,723.1072196546667,0.5,09:08,18:10,ok
2025-08-21,True,False,20.7723,25.81,,,,1.1751495844621893,annual_fit,0.1841722258001069,735.1431851410375,1.0900000000000005,05:37,18:19,ok
2025-08-22,True,False,21.9504,25.71,,,,1.1769325380689981,annual_fit,0.062419334194004895,798.4869065978997,1.2400000000000007,05:33,18:19,ok
2025-08-23,True,False,18.80418,25.61,,,,1.1787420125442094,annual_fit,0.20345189121423618,731.540689581095,1.4800000000000009,05:38,18:16,ok
2025-08-24,True,False,19.63608,25.51,,,,1.180577584404575,annual_fit,0.1576597295695035,721.0800069728549,1.1800000000000006,05:39,18:13,ok
2025-08-25,True,False,18.11922,25.41,,,,1.1824388216484327,annual_fit,0.14068663624318062,736.0463553595644,1.3800000000000008,06:12,18:05,ok
2025-08-26,True,False,19.92393,25.3,,,,1.1843252837558558,annual_fit,0.0944510224961096,785.482471167567,1.2600000000000007,05:45,17:47,ok
2025-08-27,True,False,15.44847,25.2,,,,1.1862365216918067,annual_fit,0.23776340727420847,702.5463436754542,1.7900000000000011,05:36,17:27,ok
2025-08-28,True,False,20.18994,25.09,,,,1.1881720779124403,annual_fit,0.13094802704435554,774.5577933728091,1.3700000000000008,05:32,18:07,ok
2025-08-29,True,False,19.01574,24.98,,,,1.1901314863746886,annual_fit,0.09243999333014195,731.1454164933436,1.2100000000000006,06:02,17:59,ok
2025-08-30,True,True,21.2394,24.87,1.1709370321195514,True,-0.017924119852746417,1.192114272549267,annual_fit,0.03288458385711786,783.1337602403652,1.1300000000000006,05:44,17:58,ok
2025-08-31,True,False,20.65224,24.76,,,,1.1941199534372375,annual_fit,0.14716146332535338,760.3018267509258,0.7700000000000002,05:38,16:25,ok
2025-09-01,True,False,18.86658,24.65,,,,1.1961480375902638,annual_fit,0.22529729174873123,671.2527397609904,0.9200000000000004,05:51,18:05,ok
2025-09-02,True,False,20.98548,24.54,,,,1.1981980251346964,annual_fit,0.05045725070276399,801.0768648362479,1.0400000000000005,06:08,17:51,ok
2025-09-03,True,False,17.89002,24.43,,,,1.2002694077996185,annual_fit,0.11051969182128064,700.6056231236598,1.2700000000000007,05:46,17:53,ok
2025-09-04,True,False,9.32685,24.32,,,,1.2023616689489869,annual_fit,0.14903617177840692,380.4588132219119,1.4800000000000009,05:53,17:40,ok
2025-09-05,True,False,10.96917,24.21,,,,1.204474283618,annual_fit,0.31562940302621373,491.898853700963,1.3800000000000008,07:28,17:58,ok
2025-09-06,True,True,21.15408,24.09,1.1387874112227996,True,-0.05784803324154475,1.206606718553819,annual_fit,0.027296890099190528,786.1816875270479,1.1800000000000006,05:40,18:03,ok
2025-09-07,True,False,19.5102,23.98,,,,1.2087584322607763,annual_fit,0.08723623825518129,787.3663551123993,1.2200000000000006,06:06,17:51,ok
2025-09-08,True,False,16.9716,23.86,,,,1.21092887505019,annual_fit,0.2096782502330519,633.4299270487679,1.1000000000000005,05:44,17:50,ok
2025-09-09,True,False,18.55356,23.74,,,,1.2131174890949137,annual_fit,0.12632684810526415,720.5860828873116,1.1300000000000006,05:45,17:33,ok
2025-09-10,True,False,15.81708,23.63,,,,1.2153237084887374,annual_fit,0.12694314949417515,713.3715067586278,1.8500000000000012,05:54,17:47,ok
2025-09-11,True,False,10.32552,23.51,,,,1.2175469593107644,annual_fit,0.12149243633256715,525.9535593787562,2.6900000000000013,06:19,18:00,ok
2025-09-12,True,False,7.13802,23.39,,,,1.2197866596948719,annual_fit,0.5342547452959112,262.4067027728873,0.54,06:30,16:32,ok
2025-09-13,False,False,,23.27,,,,1.2220422199043754,annual_fit,,,,,,log_not_found
2025-09-14,True,False,9.08577,23.16,,,,1.2243130424119995,annual_fit,0.38809605914333056,334.651318471788,0.5,08:16,17:44,ok
2025-09-15,True,False,14.5857,23.04,,,,1.2265985219852658,annual_fit,0.30370557140990373,643.3642160402069,0.5,09:36,17:41,ok
2025-09-16,True,True,18.7419,22.92,1.222928305027772,True,-0.004869637317133552,1.2288980457773946,annual_fit,0.02805448312568047,712.6688381396282,1.1100000000000005,05:50,17:39,ok
2025-09-17,True,False,14.64978,22.8,,,,1.231210993423825,annual_fit,0.23392218557742162,518.9186098242201,0.7500000000000002,06:01,17:28,ok
2025-09-18,True,False,13.74573,22.68,,,,1.2335367371444377,annual_fit,0.399701505955454,513.2207806827706,0.5,07:47,17:33,ok
2025-09-19,True,False,11.9646,22.55,,,,1.2358746418515798,annual_fit,0.21675876891074367,528.052887525046,1.8800000000000012,06:01,17:34,ok
2025-09-20,True,False,4.26138,22.43,,,,1.2382240652639687,annual_fit,0.39100928383543454,157.1910031460137,0.54,06:53,16:44,ok
2025-09-21,True,False,16.94262,22.31,,,,1.2405843580265576,annual_fit,0.11112788520339194,696.5489342497658,1.2800000000000007,06:05,17:40,ok
2025-09-22,True,False,16.79916,22.19,,,,1.2429548638364376,annual_fit,0.1269393188391767,687.7896935161164,1.3800000000000008,05:48,17:27,ok
2025-09-23,True,False,13.78872,22.07,,,,1.245334919574845,annual_fit,0.2312122416240701,500.72807500491786,0.8600000000000003,06:01,17:29,ok
2025-09-24,True,False,9.48858,21.95,,,,1.2477238554453376,annual_fit,0.1958001852415502,373.3085867131987,1.0300000000000005,05:55,16:57,ok
2025-09-25,True,False,6.96522,21.82,,,,1.2501209951181986,annual_fit,0.17524379187075978,312.72933020207586,1.5000000000000009,06:35,17:21,ok
2025-09-26,True,False,15.06681,21.7,,,,1.2525256558811195,annual_fit,0.2070865241893776,569.4327741901454,1.1100000000000005,05:50,17:25,ok
2025-09-27,True,False,17.79294,21.58,,,,1.2549371487962098,annual_fit,0.10155106657180607,704.671758424515,1.1500000000000006,05:59,17:29,ok
2025-09-28,True,False,12.86628,21.45,,,,1.2573547788633703,annual_fit,0.23176410381127902,519.6766697991296,1.0200000000000005,06:10,16:57,ok
2025-09-29,True,False,8.41224,21.33,,,,1.259777845190067,annual_fit,0.17099234134573274,641.1451845774352,4.000000000000003,07:53,17:15,ok
2025-09-30,True,False,17.02746,21.21,,,,1.2622056411675284,annual_fit,0.06225700335210205,685.6691794215786,1.0400000000000005,06:00,17:09,ok
2025-10-01,True,False,11.0886,21.08,,,,1.2646374546533887,annual_fit,0.3125665085711092,473.51469063332127,1.0700000000000005,07:03,17:17,ok
2025-10-02,True,False,14.68452,20.96,,,,1.2670725681607882,annual_fit,0.15428366182015835,629.8864318129025,1.3600000000000008,06:08,17:14,ok
2025-10-03,True,False,7.68546,20.84,,,,1.2695102590539356,annual_fit,0.2189441977298808,279.08459574606735,0.5900000000000001,06:28,16:54,ok
2025-10-04,True,False,3.00864,20.71,,,,1.271949799750132,annual_fit,0.29486812590011685,122.8765001298741,0.5,07:24,16:07,ok
2025-10-05,True,False,4.00596,20.59,,,,1.2743904579282443,annual_fit,0.19822041055927248,182.93681411599624,0.8000000000000003,07:10,15:58,ok
2025-10-06,True,False,15.71472,20.46,,,,1.276831496743614,annual_fit,0.07068273926269764,635.6592402654198,0.9900000000000004,06:22,17:16,ok
2025-10-07,True,False,10.78692,20.34,,,,1.2792721750493716,annual_fit,0.1878178704111254,466.3861327637482,1.1500000000000006,06:24,16:52,ok
2025-10-08,True,False,15.48657,20.22,,,,1.2817117476241273,annual_fit,0.15939073785411564,657.6158570688369,0.9300000000000004,07:31,17:19,ok
2025-10-09,True,False,17.1285,20.09,,,,1.2841494654059957,annual_fit,0.05554404208951967,707.786952761105,1.1500000000000006,06:11,17:13,ok
2025-10-10,True,False,10.67301,19.97,,,,1.286584575732902,annual_fit,0.22376542413232275,471.0405096629077,1.3000000000000007,06:17,16:46,ok
2025-10-11,True,False,3.89118,19.84,,,,1.2890163225891154,annual_fit,0.3026248068292959,141.59608722975048,0.5,06:33,16:36,ok
2025-10-12,True,False,6.28434,19.72,,,,1.2914439468579404,annual_fit,0.21515314630605728,289.05770930281085,1.3500000000000008,06:19,16:31,ok
2025-10-13,True,False,13.99134,19.59,,,,1.2938666865804942,annual_fit,0.07572977766975228,612.3237604776408,1.2300000000000006,06:20,17:04,ok
2025-10-14,True,False,1.71399,19.47,,,,1.2962837772204803,annual_fit,0.2881892318671454,141.31614882040557,0.5,07:08,11:14,ok
2025-10-15,True,False,3.13524,19.34,,,,1.2986944519348744,annual_fit,0.43272331091071614,230.6054768839765,0.5,11:52,16:09,ok
2025-10-16,True,False,2.8464,19.22,,,,1.301097941850414,annual_fit,0.42226063210439396,98.690962258546,0.5,07:11,16:04,ok
2025-10-17,True,False,13.77618,19.09,,,,1.3034934763457866,annual_fit,0.08261249639287624,614.9641773704101,1.4300000000000008,06:09,16:59,ok
2025-10-18,True,False,5.15316,18.96,,,,1.3058802833393948,annual_fit,0.1884024778114751,231.66918684392132,1.2000000000000006,06:35,16:23,ok
2025-10-19,True,False,0.16005,18.84,,,,1.3082575895825739,annual_fit,,,,,,sunrise_fail(Daylength too short (sunrise=23700 sunset=25740 thr=20.00))
2025-10-20,True,False,6.12978,18.71,,,,1.3106246209581218,annual_fit,0.43669060382246994,264.68779026302235,0.5,08:41,16:34,ok
2025-10-21,True,False,6.45417,18.58,,,,1.3129806027840007,annual_fit,0.19741431389099343,248.56489026360794,0.6900000000000002,06:28,16:42,ok
2025-10-22,True,False,2.65311,18.45,,,,1.3153247601220535,annual_fit,0.12110337822980338,123.76719734036205,1.0500000000000005,06:56,16:06,ok
2025-10-23,True,False,13.1535,18.33,,,,1.317656318091573,annual_fit,0.0738873615841636,596.5057527926052,1.2400000000000007,06:39,16:57,ok
2025-10-24,True,False,7.19514,18.2,,,,1.3199745021875537,annual_fit,0.13472902919366778,305.8522848921366,1.0800000000000005,06:47,16:42,ok
2025-10-25,True,False,3.70407,18.07,,,,1.3222785386034466,annual_fit,0.22556620117100437,137.19952272995607,0.5,06:50,16:22,ok
2025-10-26,True,False,2.55852,17.94,,,,1.3245676545582277,annual_fit,0.27991300079724274,102.82024847057369,0.5,07:20,16:06,ok
2025-10-27,True,False,10.25322,17.81,,,,1.3268410786275837,annual_fit,0.3366106119695752,451.6071463398845,1.2300000000000006,06:18,16:47,ok
2025-10-28,True,False,10.00056,17.68,,,,1.3290980410790116,annual_fit,0.353564221464426,344.3748311576406,0.5,06:20,16:47,ok
2025-10-29,True,False,12.60024,17.55,,,,1.3313377742106185,annual_fit,0.08016187086458373,544.7513225729566,1.0200000000000005,06:33,16:50,ok
2025-10-30,True,True,12.45216,17.42,1.3989540770436617,True,0.047873177000554656,1.3335595126933983,annual_fit,0.045207443327161166,532.211171733387,1.0400000000000005,06:27,16:44,ok
2025-10-31,True,False,3.44034,17.29,,,,1.3357624939167623,annual_fit,0.29091949650595567,205.9835809177241,2.1500000000000004,06:44,15:32,ok
2025-11-01,True,False,8.97984,17.16,,,,1.3379459583370816,annual_fit,0.3363855780407177,419.187719009766,1.0400000000000005,06:43,16:12,ok
2025-11-02,True,False,0.0204,17.03,,,,1.3401091498290008,annual_fit,,,,,,sunrise_fail(Sunrise/sunset detection failed (thr=20.00))
2025-11-03,True,False,11.07723,16.89,,,,1.3422513160392706,annual_fit,0.207441654154916,511.2663168049526,1.2400000000000007,06:50,16:42,ok
2025-11-04,True,False,8.95704,16.76,,,,1.3443717087428448,annual_fit,0.21558129601591564,392.52486962710736,1.0400000000000005,06:30,16:30,ok
2025-11-05,True,False,2.74662,16.63,,,,1.3464695842009704,annual_fit,0.18742734688944457,121.37456835548616,0.5,07:23,15:38,ok
2025-11-06,True,False,11.30004,16.5,,,,1.3485442035210082,annual_fit,0.1585194052704535,455.2151473729658,0.7600000000000002,06:29,16:36,ok
2025-11-07,True,True,11.5194,16.36,1.4202128583085925,True,0.05026164813927475,1.3505948330176996,annual_fit,0.03413583537080197,504.26487454536567,1.0600000000000005,06:32,16:40,ok
2025-11-08,True,False,8.92956,16.23,,,,1.3526207445756004,annual_fit,0.21680850338622096,383.0525758291423,1.0200000000000005,06:34,16:36,ok
2025-11-09,True,False,1.5774,16.1,,,,1.3546212160123918,annual_fit,0.2549770094404619,67.98072477545863,0.5,07:57,15:55,ok
2025-11-10,True,False,8.54694,15.97,,,,1.3565955314427753,annual_fit,0.3027428287085288,379.51797464457866,0.7700000000000002,07:55,16:34,ok
2025-11-11,True,False,8.47311,15.83,,,,1.3585429816426504,annual_fit,0.23100654236681914,356.8602901258496,1.1100000000000005,06:32,16:38,ok
2025-11-12,True,False,7.66278,15.7,,,,1.3604628644132755,annual_fit,0.24117162166609385,325.07710358856673,0.9400000000000004,06:37,16:17,ok
2025-11-13,True,False,5.12088,15.57,,,,1.3623544849450997,annual_fit,0.12625945288343457,250.8822928298928,1.2300000000000006,07:01,16:12,ok
2025-11-14,True,True,10.61214,15.44,1.4549374584202621,True,0.06438216363532828,1.3642171561809577,annual_fit,0.04808406112273251,480.27352907790765,1.1100000000000005,06:41,16:36,ok
2025-11-15,True,True,10.9926,15.31,1.3927551261757911,True,0.01936038102066745,1.3660501991783118,annual_fit,0.021632871701559864,483.8442686625099,1.0400000000000005,06:37,16:37,ok
2025-11-16,True,False,10.36803,15.18,,,,1.36785294347022,annual_fit,0.10156243449770104,463.20042844856505,0.7200000000000002,07:50,16:35,ok
2025-11-17,True,False,10.02528,15.06,,,,1.3696247274247135,annual_fit,0.08386988058082966,475.50888766042505,1.0900000000000005,06:41,16:15,ok
2025-11-18,True,False,7.77228,14.93,,,,1.371364898602258,annual_fit,0.3411151876746438,332.46559051640304,0.9700000000000004,06:38,16:26,ok
2025-11-19,True,False,7.62279,14.81,,,,1.373072814110974,annual_fit,0.3297356716718213,319.53996387429714,0.7300000000000002,07:11,16:34,ok
2025-11-20,True,True,10.26036,14.68,1.4307490185529552,True,0.03992777043242329,1.3747478409592908,annual_fit,0.04751426732971375,470.7100305455214,1.1500000000000006,06:42,16:34,ok
2025-11-21,True,False,8.4225,14.56,,,,1.3763893564057048,annual_fit,0.23168675573194156,373.7231150189581,0.9700000000000004,06:44,16:26,ok
2025-11-22,True,True,10.36806,14.44,1.3927388537489174,True,0.010641393966166368,1.3779967483053164,annual_fit,0.018101026121856965,463.432511507457,1.0300000000000005,06:43,16:33,ok
2025-11-23,True,False,10.03524,14.32,,,,1.3795694154528155,annual_fit,0.0754378160636445,443.44243296548916,0.9900000000000004,06:44,16:33,ok
2025-11-24,True,False,9.18174,14.21,,,,1.381106767921589,annual_fit,0.14818968020439832,404.7341125971057,0.8500000000000003,06:44,16:15,ok
2025-11-25,True,False,2.24034,14.1,,,,1.382608227398624,annual_fit,0.4706924921435573,86.11085354928879,0.5,07:35,16:17,ok
2025-11-26,True,True,9.88008,13.98,1.4149682998518232,True,0.022076362062784516,1.3840732275148786,annual_fit,0.04388913672513609,446.3405342073863,1.0100000000000005,06:46,16:27,ok
2025-11-27,True,False,9.76998,13.88,,,,1.3855012141707999,annual_fit,0.05979589929577605,455.1064250331135,1.0000000000000004,06:55,16:15,ok
2025-11-28,True,False,9.05178,13.77,,,,1.3868916458566645,annual_fit,0.2045914730595441,433.30771371601463,1.3000000000000007,06:52,16:30,ok
2025-11-29,True,True,9.92814,13.67,1.3768943628917398,True,-0.008209133394699086,1.3882439939674247,annual_fit,0.017487535204800595,444.1453336751317,1.0000000000000004,06:49,16:31,ok
2025-11-30,True,True,9.70992,13.57,1.3975398355496234,True,0.005727904413976248,1.389557743111745,annual_fit,0.014690889697140856,436.94742596195067,0.9900000000000004,06:52,16:30,ok
2025-12-01,True,False,7.9737,13.48,,,,1.3908323914149125,annual_fit,0.1129682378030564,413.385580246902,1.3400000000000007,07:02,16:10,ok
2025-12-02,True,False,8.98356,13.39,,,,1.3920674508153212,annual_fit,0.09915772288998392,443.66189731157675,1.1600000000000006,07:02,16:18,ok
2025-12-03,True,False,5.8902,13.3,,,,1.3932624473542177,annual_fit,0.34441287045459823,340.7667828339076,1.580000000000001,07:45,16:24,ok
2025-12-04,True,False,6.18846,13.21,,,,1.3944169214584183,annual_fit,0.33783912778538033,242.05694223681857,0.5,07:26,16:30,ok
2025-12-05,True,False,4.70544,13.13,,,,1.3955304282156984,annual_fit,0.5550542274714554,193.5094758560391,0.7000000000000002,06:56,16:25,ok
2025-12-06,True,True,9.63084,13.06,1.3560603228794168,True,-0.029458854014722313,1.3966025376425704,annual_fit,0.015253408668759594,433.4596020984606,0.9900000000000004,06:55,16:32,ok
2025-12-07,True,False,8.16762,12.99,,,,1.3976328349441698,annual_fit,0.2152074986913203,335.09977193897316,0.6300000000000001,06:57,16:27,ok
2025-12-08,True,False,6.97506,12.92,,,,1.3986209207659748,annual_fit,0.28587422233374776,353.33157645123845,0.5,07:02,14:29,ok
2025-12-09,True,False,9.09936,12.86,,,,1.399566411437092,annual_fit,0.07788877627686526,425.7034904874786,1.0300000000000005,06:58,16:32,ok
2025-12-10,True,False,7.06323,12.8,,,,1.4004689392048542,annual_fit,0.2815705609575373,314.52686658469014,0.9700000000000004,06:59,16:29,ok
2025-12-11,True,False,7.13052,12.75,,,,1.401328152460473,annual_fit,0.2253024037657446,305.2331153838895,0.7600000000000002,07:06,16:24,ok
2025-12-12,True,False,8.7585,12.7,,,,1.4021437159555108,annual_fit,0.16786831735338717,408.31751553098565,0.9300000000000004,07:03,16:22,ok
2025-12-13,True,False,6.26562,12.66,,,,1.4029153110089336,annual_fit,0.18646550444728974,271.964115006933,1.0100000000000005,07:06,16:19,ok
2025-12-14,True,False,4.57824,12.62,,,,1.4036426357045264,annual_fit,0.4355204115679032,189.00269440931882,0.5,07:50,16:27,ok
2025-12-15,True,False,7.30746,12.58,,,,1.4043254050784495,annual_fit,0.26433092984531886,329.91487760189653,0.9700000000000004,07:00,16:24,ok
2025-12-16,True,False,8.36604,12.56,,,,1.404963351296741,annual_fit,0.11319099319964065,402.4003485302957,1.1500000000000006,07:03,16:23,ok
2025-12-17,True,False,6.05121,12.53,,,,1.4055562238225625,annual_fit,0.14210489606297824,348.2468985317087,1.4500000000000008,07:08,15:31,ok
2025-12-18,True,True,9.22332,12.51,1.356344570068045,True,-0.03602934474785058,1.406103789573012,annual_fit,0.017257747646737553,419.74137629627404,1.0000000000000004,07:02,16:35,ok
2025-12-19,True,False,7.19532,12.5,,,,1.4066058330653255,annual_fit,0.19844957271748448,340.2877253625779,1.0000000000000004,07:11,16:18,ok
2025-12-20,True,False,0.49449,12.49,,,,1.407062156552314,annual_fit,,,,,,sunrise_fail(Daylength too short (sunrise=53760 sunset=56340 thr=20.00))
2025-12-21,True,False,1.44618,12.49,,,,1.4074725801468764,annual_fit,0.4000418882198852,82.39584655390621,0.5,07:49,13:39,ok
2025-12-22,True,True,9.28926,12.49,1.344563506673298,True,-0.04598501271707445,1.4078369419354615,annual_fit,0.020141712656643666,424.15892795237784,1.0000000000000004,07:04,16:35,ok
2025-12-23,True,False,5.79246,12.5,,,,1.408155098080343,annual_fit,0.2268887730494843,252.067025149856,0.7200000000000002,07:30,16:14,ok
2025-12-24,True,False,1.63062,12.51,,,,1.4084269229106037,annual_fit,0.3292612434801792,79.77205931767382,0.5,08:06,15:24,ok
2025-12-25,True,False,1.3563,12.53,,,,1.4086523090017176,annual_fit,0.43389304366589015,59.65323863361592,0.5,08:04,15:37,ok
2025-12-26,True,False,4.86624,12.55,,,,1.4088311672436515,annual_fit,0.4466646169301267,207.40309505154042,0.51,07:49,16:26,ok
2025-12-27,True,False,6.1806,12.58,,,,1.4089634268974016,annual_fit,0.23462253789390294,252.07273025070728,0.6800000000000002,07:21,16:33,ok
2025-12-28,True,True,9.12936,12.61,1.3812578318743043,True,-0.019920477639542356,1.4090490356399077,annual_fit,0.03787032403096122,422.0010948215101,1.0500000000000005,07:09,16:40,ok
2025-12-29,True,True,8.91462,12.64,1.4178955468657106,True,0.006231105166130346,1.4090879595972903,annual_fit,0.03288472210609804,412.074118342743,0.9600000000000004,07:10,16:30,ok
2025-12-30,True,False,6.4365,12.68,,,,1.409080183366379,annual_fit,0.3035136846274378,270.8247472012472,0.6600000000000001,07:21,16:35,ok
2025-12-31,True,False,5.17887,12.73,,,,1.4090257100245025,annual_fit,0.4591229547449579,202.39999364789125,0.5,07:20,16:29,ok
